<?xml version="1.0" encoding="utf-8"?>
<extension type="plugin" group="pcv" method="upgrade" version="3">
	<name>plg_pcv_default</name>
	<creationDate>07/09/2018</creationDate>
	<author>Jan Pavelka (www.phoca.cz)</author>
	<authorEmail></authorEmail>
	<authorUrl>www.phoca.cz</authorUrl>
	<copyright>Jan Pavelka</copyright>
	<license>GNU/GPL</license>
	<version>3.1.3</version>

	
	<description>PLG_PCV_DEFAULT_DESCRIPTION</description>

	
	<files>
		<filename plugin="default">default.php</filename>
		<filename plugin="default">default.xml</filename>
		<filename plugin="default">index.html</filename>
		<folder>helpers</folder>
	</files>

	
	<languages>
		<language tag="en-GB">language/en-GB/en-GB.plg_pcv_default.ini</language>
		<language tag="en-GB">language/en-GB/en-GB.plg_pcv_default.sys.ini</language>
	</languages>
	<administration>
		<languages>
			<language tag="en-GB">language/en-GB/en-GB.plg_pcv_default.ini</language>
			<language tag="en-GB">language/en-GB/en-GB.plg_pcv_default.sys.ini</language>
		</languages>
	</administration>
	
	

<form>
	<fields name="params" addfieldpath="/administrator/components/com_phocacart/models/fields">
	<fieldset name="shipping" addpath="/administrator/components/com_phocacart/models/fields" group="pcv" >

	

	
	</fieldset>
	</fields>

</form>
</extension>
