<?xml version="1.0" encoding="utf-8"?>
<extension type="plugin" group="pcp" method="upgrade" version="3">
	<name>plg_pcp_pos_cash</name>
	<creationDate>07/09/2018</creationDate>
	<author>Jan Pavelka (www.phoca.cz)</author>
	<authorEmail></authorEmail>
	<authorUrl>www.phoca.cz</authorUrl>
	<copyright>Jan Pavelka</copyright>
	<license>GNU/GPL</license>
	<version>3.1.3</version>

	
	<description>PLG_PCP_POS_CASH_DESCRIPTION</description>

	
	<files>
		<filename plugin="pos_cash">pos_cash.php</filename>
		<filename plugin="pos_cash">pos_cash.xml</filename>
		<filename plugin="pos_cash">index.html</filename>
		<folder>helpers</folder>
	</files>

	
	<languages>
		<language tag="en-GB">language/en-GB/en-GB.plg_pcp_pos_cash.ini</language>
		<language tag="en-GB">language/en-GB/en-GB.plg_pcp_pos_cash.sys.ini</language>
	</languages>
	<administration>
		<languages>
			<language tag="en-GB">language/en-GB/en-GB.plg_pcp_pos_cash.ini</language>
			<language tag="en-GB">language/en-GB/en-GB.plg_pcp_pos_cash.sys.ini</language>
		</languages>
	</administration>
	
	<form>


</form>
</extension>
