<?xml version="1.0" encoding="UTF-8" standalone="no"?>
<extension version="3.8" type="template" client="site" method="upgrade">
    <name>phoca_premiere</name>
    <version>1.0.0</version>
    <creationDate>05/10/2018</creationDate>
    <license>http://www.gnu.org/licenses/gpl-2.0.html GNU/GPLv2</license>
	<author>Jan Pavelka (www.phoca.cz)</author>
	<authorEmail/>
	<authorUrl>https://www.phoca.cz</authorUrl>
	<copyright>Jan Pavelka</copyright>
	<description>TPL_PHOCA_PREMIERE_XML_DESCRIPTION</description>

    <scriptfile>install.php</scriptfile>

    <files>
        <folder>admin</folder>
        <folder>blueprints</folder>
		<folder>bootstrap</folder>
        <folder>config</folder>
		<folder>css</folder>
        <folder>custom</folder>
        <folder>fields</folder>
        <folder>fonts</folder>
        <folder>gantry</folder>
        <folder>html</folder>
        <folder>images</folder>
        <folder>includes</folder>
        <folder>install</folder>
		<folder>js</folder>
        <folder>language</folder>
        <folder>layouts</folder>
        <folder>particles</folder>
        <folder>scss</folder>
        <file>component.php</file>
        <file>error.php</file>
		<file>favicon.ico</file>
        <file>index.php</file>
        <file>install.php</file>
		<file>offline.php</file>
        <file>template_preview.png</file>
        <file>template_thumbnail.png</file>
    </files>

    <positions>
        <position>breadcrumbs</position>
        <position>debug</position>
        <position>footer</position>
        <position>header</position>
        <position>mainbottom</position>
        <position>maintop</position>
        <position>position-22</position>
        <position>position-7</position>
    </positions>

    <config>
        <fields name="params" addfieldpath="/templates/phoca_premiere/fields">
            <fieldset name="advanced">
                <field name="warning" type="warning"/>
            </fieldset>
        </fields>
    </config>
	
	<updateservers>
        <server type="extension" priority="1" name="Phoca Premiere Template">https://www.phoca.cz</server>
    </updateservers>

    
</extension>
